Premier League review ongoing for FIFA’s semi-automated offside technology,One step closer to robot,https://weaintgotnohistory.sbnation.com/2022/12/23/23523805/premier-league-review-ongoing-for-fifas-semi-automated-offside-technology-report,We Ain't Got No History 
VAR's most controversial moments at the World Cup - ranked,The 2022 World Cup had more than its fair share of VAR controversy ... but which came out as the worst,https://www.espn.com/soccer/fifa-world-cup/story/4831926/vars-most-controversial-moments-at-the-2022-world-cup--griezmann-messi-kane-ronaldo,ESPN 
'Should that be allowed?': Fans cry foul over Messi's controversial goal,Argentina and France played a blockbuster finale at the FIFA World Cup 2022 in Qatar  which the former won 4-2 on penalties after the match ended tied,https://www.hindustantimes.com/sports/football/should-that-be-allowed-fans-cry-foul-over-messi-s-controversial-goal-in-fifa-world-cup-final-101671427854671.html,Hindustan Times 
4 Cutting Edge Technologies Used In FIFA World Cup Qatar 22,4 Cutting Edge Technologies Used In FIFA World Cup Qatar 2022 Technology is shaping the future of sports. FIFA World Cup Qatar 2022 is living proof that,https://www.jumpstartmag.com/4-cutting-edge-technologies-used-in-fifa-world-cup-qatar-22/,Jumpstart Magazine 
U.S. Soccer referees to officiate FIFA World Cup Final for first time,As the 2022 FIFA World Cup draws to a close  the five U.S. Soccer referees appointed for the global stage have shined at the highest,https://www.soccerwire.com/news/u-s-soccer-referees-to-officiate-fifa-world-cup-final-for-first-time-in-history/,SoccerWire 
Offsides rules at 2022 World Cup: Explaining how VAR technology impacts referee calls,After debuting in 2018  VAR technology is back in 2022. Here's how the World Cup offsides rules work in Qatar  and how technology impacts referee,https://soccer.nbcsports.com/2022/12/18/2022-world-cup-offsides-rules-explained/,Premier League News  Video  Scores | NBC Sports' ProSoccerTalk 
Why does the flag go up so late for an offside at the World Cup 2022?...,THERE'S nothing more exciting than seeing your football team go through on goal - until the assistant referee raises their delayed flag for,https://www.thesun.co.uk/sport/20580104/why-does-flag-go-up-late-offside-world-cup/,The Sun 
2022 World Cup VAR review: Every decision in Qatar analysed,We're analysing every VAR decision made throughout all 64 games at the 2022 World,https://www.espn.co.uk/football/fifa-world-cup/story/4807433/var-review-every-decision-at-the-world-cup-analysed,ESPN 
Qatar 2022 World Cup: What is the VAR and when is it used?,Video Assistant Referee (VAR) technology has returned for its second run at the 2022 FIFA World Cup in Qatar after making its debut in Russia,https://en.as.com/soccer/qatar-2022-world-cup-what-is-the-var-and-when-is-it-used-n-2/,AS USA 
VAR offside technology at 2022 World Cup  and how player data is changing professional sport,If you've watched any of the televised World Cup matches  you'll have glimpsed the new technology being used by the VAR (video assistant referee) to,https://www.abc.net.au/news/science/2022-12-16/world-cup-2022-qatar-var-offside-technology/101762934,ABC 
World Cup referee under scrutiny as Moroccan FA complains to FIFA about performance vs France,Morocco's World Cup fairytale came to an end on Wednesday night but the country's FA was not happy with the man in the,https://www.caughtoffside.com/2022/12/15/world-cup-referee-under-scrutiny-as-moroccan-fa-complains-to-fifa-about-performance-vs-france/,CaughtOffside 
France vs Morocco FIFA World Cup 2022: Who’s the referee for semi-final game?,The Mexican César Ramos will officiate France vs Morocco in World Cup 2022. The game will be played at Al Bayt Stadium in Al,https://economictimes.indiatimes.com/news/international/us/france-vs-morocco-fifa-world-cup-2022-whos-the-referee-for-semi-final-game/articleshow/96227422.cms,The Economic Times 
Who is the referee for France-Morocco semifinals match?,The 2022 World Cup semifinals wrap on Wednesday when France faces Morocco at Al Bayt Stadium. The match gets going at 2 p.m. ET and will air on,https://dknation.draftkings.com/2022/12/14/23506457/france-vs-morocco-semifinals-world-cup-2022-referee-cesar-ramos-history-cards,DraftKings Nation 
World Cup 2022: FIFA's new semi-automated offside technology explained and how it will work with VAR,FIFA will introduce new semi-automated offside technology at the 2022 World Cup finals in Qatar. Here is how it will,https://www.sportingnews.com/us/soccer/news/new-word-cup-2022-offside-technology-how-fifas-semi-automated-system-works-var/xxp7tlvyzcv1h1yhflg54ef1,Sporting News 
American refs in Qatar: Kathryn Nesbitt in VAR booth for Argentina-Croatia 12/12/2022,Kathryn Nesbitt will serve as offside VAR for the Argentina-Croatia semifinal  her eighth assessment of the 2022 World Cup — seven in the video review,https://www.socceramerica.com/publications/article/94545/american-refs-in-qatar-kathryn-nesbitt-in-var-boo.html,Soccer America 
England fans slam referee who officiated World Cup match vs France,Brazilian referee Wilton Sampaio was in charge of the World Cup clash between England and France. The 40-year old referee has come under huge criticism,https://www.caughtoffside.com/2022/12/10/england-fans-slam-referee-who-officiated-world-cup-match-vs-france/,CaughtOffside 
Netherlands vs. Argentina: Who is the referee for quarterfinals match in 2022 World Cup?,The Netherlands will face off against Argentina in Friday's second quarterfinal match  with kickoff set for 2 p.m. ET from Lusail,https://dknation.draftkings.com/2022/12/9/23496223/netherlands-vs-argentina-quarterfinals-world-cup-2022-antonio-mateu-lahoz-name-history-cards,DraftKings Nation 
Did you know that the FIFA World Cup ball has a chip inside it? Here’s how it works,The ongoing FIFA World Cup 2022 uses AI technology to ensure accurate  error free decision  which disappointed fans  but apparently has become the talk,https://www.indiatoday.in/cryptocurrency/story/did-you-know-that-the-fifa-world-cup-ball-has-a-chip-inside-it-heres-how-it-works-2305971-2022-12-06,India Today 
Japan vs. Croatia: Who is the referee for Round of 16 match in 2022 World Cup?,Japan and Croatia face off in in the Round of 16 in a battle of World Cup upstarts. The match kicks off at 10 a.m. ET on FOX and will take place at,https://dknation.draftkings.com/2022/12/5/23490264/japan-vs-croatia-round-of-16-world-cup-2022-referee-ismail-elfath-history-cards,DraftKings Nation 
France vs. Poland: Who is the referee for Round of 16 match in 2022 World Cup?,The 2022 World Cup continues Round of 16 play on Sunday when France faces off against Poland at Al Thumama Stadium. The match gets started at 10 a.m. ET,https://dknation.draftkings.com/2022/12/4/23490260/france-vs-poland-round-of-16-world-cup-2022-referee-jesus-valenzuela-history-cards,DraftKings Nation 
FIFA World Cup VAR  referee calls  controversies in Qatar 2022 that fans will debate forever,FIFA World Cup: Here are the top controversial referee calls and VAR decisions from Qatar,https://sportstar.thehindu.com/football/fifa-world-cup/news/messi-ronaldo-fifa-world-cup-var-controversy-referee-decisions-fifa-world-cup-qatar-2022/article66216965.ece,Sportstar 
FIFA WC Qatar 1st to use Semi Automated Offside Technology - How it works?,FIFA World Cup 2022: Amidst the frenzy over Football World Cup currently underway in Qatar one thins that the fans are wondering about is a number,https://ummid.com/news/2022/december/03.12.2022/fifa-world-cup-qatar-1st-to-use-semi-automated-offside-technology-how-it-works.html,ummid.com 
England vs. Senegal: Who is the referee for Round of 16 match in 2022 World Cup?,England and Senegal wrap up the second day of Round of 16 play at the 2022 World Cup. The squads meet at 2 p.m. ET inside Al Bayt Stadium and the match,https://dknation.draftkings.com/2022/12/3/23490261/england-vs-senegal-round-of-16-world-cup-2022-referee-ivan-barton-history-cards,DraftKings Nation 
USA vs. Netherlands: Who is the referee for Round of 16 match in 2022 World Cup?,The United States and Netherlands face off on Saturday in the Round of 16 at the 2022 World Cup. The match kicks off at 10 a.m. ET and will air on FOX,https://dknation.draftkings.com/2022/12/3/23489230/usa-vs-netherlands-round-of-16-world-cup-2022-referee-wilton-sampaio-history-cards,DraftKings Nation 
Video: Uruguay players ‘almost assault’ the referee after full-time whistle in chaotic scenes,Uruguay were eliminated from the World Cup despite defeating Ghana 2-0. The players were absolutely furious at full-time hounding the referee who was,https://www.caughtoffside.com/2022/12/02/video-uruguay-players-almost-assault-the-referee-after-full-time-whistle-in-chaotic-scenes/,CaughtOffside 
Stephanie Frappart becomes first woman to referee a World Cup men's game,The 38-year-old already had her name in the history books as the first female to take charge of a men's World Cup qualifier - and the first to ref a,https://news.sky.com/story/stephanie-frappart-becomes-first-woman-to-referee-a-world-cup-mens-game-12759760,Sky News 
Historical moment! All-female referee team - 1st time in 92 yrs - score life goals at Germany vs Costa Ric,The Germany vs Costa Rica FIFA World Cup match held in Qatar on Thursday will go down in history as the all-female team took to the pitch as referees,https://economictimes.indiatimes.com/magazines/panache/historical-moment-all-female-referee-team-1st-time-in-92-yrs-score-life-goals-at-germany-vs-costa-rica-world-cup-encounter/articleshow/95933473.cms,The Economic Times 
Who is the referee for Cameroon vs. Brazil Group G match?,The World Cup wraps up group play on Friday  and title favorite Brazil will face Cameroon in the final group matches. The two sides kick off at 2 p.m. ET,https://dknation.draftkings.com/2022/12/2/23486551/cameroon-vs-brazil-group-stage-world-cup-2022-referee-ismail-elfath-history-cards,DraftKings Nation 
AI is Helping Referees Call Offside in FIFA World Cup 2022,This year's World Cup referees will be assisted in their offside calls by FIFA's semi-automated offside technology,https://www.analyticsinsight.net/ai-is-helping-referees-call-offside-in-fifa-world-cup-2022/,Analytics Insight 
Women will take a starring role in tonight's FIFA World Cup match,Three women will referee in the men's FIFA world cup in the Costa Rica vs Germany game this evening  Stephanie Frappart  Neuz Back and Karen,https://www.cosmopolitan.com/uk/reports/a42119248/female-referees-fifa-world-cup-2022/,Cosmopolitan 
Germany vs. Costa Rica : Who is the referee for Group E match in 2022 World Cup?,The powerful German squad has stumbled in the 2022 World Cup and now faces a must-win situation against Costa Rica at Al Bayt Stadium in Al,https://dknation.draftkings.com/2022/12/1/23480924/germany-vs-costa-rica-group-stage-world-cup-2022-referee-stephanie-frappart-history-cards,DraftKings Nation 
Croatia vs. Belgium VAR review: Croatia lose penalty chance after VAR rules a player offside,The video replay system strikes again at the World,https://dknation.draftkings.com/2022/12/1/23487962/croatia-vs-belgium-penalty-var-review-offside-video-world-cup-2022-highlights-group-f,DraftKings Nation 
All-Female Referee Team Will Officiate a Men's World Cup Match for the First Time in History,Although female referees have increased their presence across male professional sports  from football to basketball  there are always bigger stages,https://mymodernmet.com/all-female-referee-team-qatar-2022/,My Modern Met 
FIFA World Cup 2022: VAR questioned as bizzare offside decision disallows Croatia penalty against Belgium,Croatia missed out on a penalty in their final group F encounter against Belgium in the 2022 FIFA World Cup after a VAR (video assistant referee) and,https://opoyi.com/sports/fifa-world-cup-2022-var-questioned-as-bizzare-offside-decision-disallows-croatia-penalty-against-belgium-812877/,Opoyi 
Anthony Taylor again! Croatia fans blast referee for offside shocker against Belgium in World Cup 2022,During Croatia and Belgium's Group F encounter at the Qatar World Cup 2022  the 2018 runners-up were awarded a penalty - only to be overturned as offside,https://newsable.asianetnews.com/sports/football-anthony-taylor-again-croatia-fans-blast-referee-for-offside-shocker-against-belgium-in-qatar-world-cup-2022-snt-rm7zy2,Asianet Newsable 
World Cup: Referee Bizarrely Cancels Penalty Because of Offside - SportsBrief.com,Follow Sports Brief on Twitter for more trending and breaking news! Fans were left with loads of questions on Thursday  December 1  after a,https://sportsbrief.com/football/29268-world-cup-fans-left-confused-referee-rules-penalty-offside/,Sports Brief 
‘This is not right  this is not football’ – VAR questioned as Croatia penalty against Belgium overturned du...,VAR continues to be a huge talking point at this World Cup and another decision was under intense scrutiny in Croatia's clash against,https://talksport.com/football/1263715/croatia-furious-var-belgium-world-cup/,talkSPORT 
Why was the Croatia penalty disallowed vs Belgium in the FIFA World Cup ?,Modric stepped up to take the penalty against his club teammate Thibaut Courtois  but the spot-kick was eventually disallowed for,https://sportstar.thehindu.com/football/fifa-world-cup/news/why-was-croatia-penalty-disallowed-by-var-vs-belgium-fifa-world-cup-2022-cro-vs-bel/article66211107.ece,Sportstar 
FIFA World Cup 2022: All-female crew to referee men's World Cup match for the first time ever,Stéphanie Frappart  Neuza Back and Karen Diaz made history by officiating Thursday's Germany-Costa Rica,https://www.cbssports.com/soccer/news/fifa-world-cup-2022-all-female-crew-to-referee-mens-world-cup-match-for-the-first-time-ever/,CBS Sports 
VAR World Cup 2022: Why was Anthony Taylor told to use the monitor to check offside during Croatia v Belgium,More VAR controversy struck the 2022 World Cup  this time in the group stage clash between Croatia and,https://www.eurosport.com/football/world-cup/2022/var-world-cup-2022-offside-controversy-as-croatia-penalty-overturned-at-late-notice-in-belgium-game_sto9253226/story.shtml,Eurosport 
Croatia vs. Belgium: Who is the referee for Group F match in 2022 World Cup?,Croatia and Belgium face off Thursday morning in a massive matchup for Round of 16 opportunities. The match starts at 10 a.m. ET and will air on FOX,https://dknation.draftkings.com/2022/12/1/23480914/croatia-vs-belgium-group-stage-world-cup-2022-referee-anthony-taylor-history-cards,DraftKings Nation 
FIFA World Cup 2022: SOAT and How Its Making a Difference in Offside Decisions | Explained,Explained: Semi-automated offside technology  which was announced in July  has already made an impression at the 2022 FIFA World,https://www.news18.com/news/explainers/fifa-world-cup-2022-soat-and-how-its-making-a-difference-in-offside-decisions-explained-6502531.html,News18 
FIFA World Cup: Line calls that have raised a storm,Football News: The FIFA has introduced new technology in the ongoing World Cup to lessen the margin of errors. The idea is to ensure that,https://timesofindia.indiatimes.com/sports/football/fifa-world-cup-2022/fifa-world-cup-line-calls-that-have-raised-a-storm/articleshow/95872120.cms,Times of India 
VAR wrongly ruled out Antoine Griezmann's late equaliser for France vs Tunisia,Antoine Griezmann thought he had scored a 98th-minute equaliser for France against Tunisia at the World Cup  only for VAR to rule it out in,https://www.mirror.co.uk/sport/football/news/france-tunisia-griezmann-var-controversy-28624513,The Mirror 
FIFA World Cup: Why was Griezmann’s goal ruled offside against Tunisia?,Antoine Griezmann's goal was ruled offside in the stoppage time of France vs Tunisia game in Group,https://sportstar.thehindu.com/football/fifa-world-cup/news/fifa-world-cup-griezmann-goal-ruled-offside-france-vs-tunisia-qatar-wc-2022-news/article66206833.ece,Sportstar 
2022 FIFA World Cup Will Make History With All-Female Refereeing Crew,Stéphanie Frappart  Neuza Back and Karen Diaz are set to oversee Thursday's match between Costa Rica and,https://www.huffpost.com/entry/2022-fifa-world-cup-all-female-referee_n_6387a37be4b006e9b8538524,HuffPost 
How the 2022 FIFA World Cup is using VAR instant replay,The VAR offside system is helping FIFA eliminate referee's subjectivity in "bad" offside,https://www.vox.com/videos/2022/11/29/23484327/ai-referee-world-cup-offsides,Vox 
Stephanie Frappart  the female referee who will make Germany vs. Costa Rica in Qatar 2022 unforgettable,The Qatar World Cup will go down in the history books  as Stephanie Frappart will become the first woman to be the referee in a men's,https://www.marca.com/en/world-cup/2022/11/30/6386a452268e3eae298b45c4.html,Marca 
How is AI helping FIFA detect offsides?,New artificial intelligence can detect offsides much faster than past technology  which took over a minute on,https://www.dw.com/en/how-is-ai-helping-fifa-detect-offsides/a-63919287,DW 
FIFA World Cup 2022: What Is An Offside And How It Changes The Course Of The Game | BOOM,On many occasions  players scored and celebrated goals during the FIFA World Cup 2022 in Qatar  before the lines official disallowed it  calling it,https://www.boomlive.in/explainers/fifa-world-cup-2022-qatar-offside-rule-20229,Boom Live 
For Its First ‘Wired World Cup’  FIFA Harnesses AI  Multiple Tracking Cameras  To Ensure Error-free Refereeing,For the first time  a 'connected ball' with in-built sensors and semi-automated technology to make accurate offside decisions  is being deployed at the,https://swarajyamag.com/tech/for-its-first-wired-world-cup-fifa-harnesses-ai-multiple-tracking-cameras-to-ensure-error-free-refereeing,Swarajya 
Why was Vinicius goal against Switzerland ruled out for offside?,Vinicius Jr. looked to have scored the opening goal for Brazil against Switzerland at Stadium 974  only to see it being ruled offside in the FIFA World,https://sportstar.thehindu.com/football/fifa-world-cup/news/vinicius-jr-goal-brazil-switzerland-why-ruled-out-offside-richarlison-fifa-var-world-cup-qatar-2022/article66197501.ece,Sportstar 
Explained | How FIFA is using SAOT for offside decisions,The story so far: In the opening match of the FIFA World Cup 2022 between host Qatar and Ecuador  just three minutes of action had passed before the,https://www.thehindu.com/sport/football/explained-how-fifa-is-using-saot-for-offside-decisions/article66195325.ece,The Hindu 
FIFA World Cup 2022: Semi-Automated VAR  Years in the Making  Makes a Difference,Semi-automated offside technology  announced in July  has already been having an impact at the 2022 FIFA World Cup. Offering a support tool for both,https://www.sportsvideo.org/2022/11/28/2022-fifa-world-cup-semi-automated-var-years-in-the-making-making-a-difference/,Sports Video Group 
Rudiger offside goal v Spain controversy & rules explained | Germany v Spain FIFA World Cup 2022,Germany XI: Manuel Neuer  David Raum  Antonio Rudiger  Thilo Kehrer  Niklas Sule  Leon Goretzka  Joshua Kimmich  Ilkay Gundogan  Jamal,https://www.youtube.com/watch%3Fv%3DD58cIAfpPnE,YouTube 
Why was Ziyech’s goal ruled out for offside against Belgium by VAR in the FIFA World Cup?,Hakim Ziyech scored directly from a free-kick but the celebrations were cut short after the VAR ruled it out for,https://sportstar.thehindu.com/football/fifa-world-cup/news/why-was-ziyechs-goal-ruled-out-for-offside-against-belgium-by-var-in-the-fifa-world-cup/article66192003.ece,Sportstar 
Footie Fans Convinced Ghana Was Robbed After Photo Showing Portugal's Offside Goal Emerges - SportsBrief.com,Referee Ismail Elfath has taken centre stage in discussions among football fans who watched Ghana's World Cup opener against Portugal; Easily the,https://sportsbrief.com/football/28680-footie-fans-convinced-ghana-robbed-photo-showing-portugals-offside-goal-emerges/,Sports Brief 
Zambian referee Janny Sikazwe blasted for handling of Belgium vs Canada match,SportsBrief.com News - Janny Sikazwe has come in for more criticism of his refereeing. The controversial Zambian referee did not impress in the WC,https://sportsbrief.com/football/28663-qatar-2022-zambian-referee-janny-sikazwe-handling-belgium-canada/,Sports Brief 
Ghana vs Portugal: Ghanaians Petition FIFA To Sack US Referee Ismail Elfath Over Black Stars Defeat In Qatar - YEN ...,Ghanaians have been enraged following the Black Stars' defeat in their 2022 World Cup opener against Portugal. PAY ATTENTION: Read the hottest World,https://yen.com.gh/entertainment/223098-ghana-portugal-ghanaians-petition-fifa-sack-referee-ismail-elfath-black-stars-defeat-qatar/,Yen.com.gh 
Semi-automated offside technology serves FIFA World Cup 2022,(ECNS) -- Semi-automated offside technology has been used at the FIFA World Cup 2022 in Qatar starting on Nov. 21 to offer help for referees make,https://www.ecns.cn/cns-wire/2022-11-25/detail-ihchchpu5661560.shtml,Ecns.cn 
Who is the referee for Netherlands vs Ecuador in the World Cup 2022 group second game?,The Khalifa International is the setting for the Netherlands-Ecuador clash with both teams winning their Group A opening,https://en.as.com/soccer/who-is-the-referee-for-netherlands-vs-ecuador-in-the-world-cup-2022-group-second-game-n/,AS USA 
England vs. USA: Who is the referee for Group B match in 2022 World Cup?,The World Cup is back with the USA's biggest match of the group stage. The USMNT will face off against England on Black Friday and could use at least a,https://dknation.draftkings.com/2022/11/25/23474149/england-vs-usa-group-stage-world-cup-2022-referee-jesus-valenzuela-history-cards,DraftKings Nation 
World Cup 2022: Zambian Referee Janny Sikazwe Labelled a Clown After an Error in Belgium vs Canada - SportsBrief ...,SportsBrief.com News - Janny Sikazwe has hit the headlines for the wrong reasons again  after he was slammed for denying Canada a clear penalty,https://sportsbrief.com/football/28598-world-cup-2022-zambian-referee-janny-sikazwe-labelled-clown-error-belgium-vs-canada/,Sports Brief 
Tech InDepth: VAR  Goal-Line Technology and other tech used during the World Cup,If you've been watching the FIFA World Cup 2022  you know that the VAR technology during the matches is one of the most crucial aspects of refereeing,https://indianexpress.com/article/technology/tech-news-technology/tech-indepth-var-goal-line-technology-and-other-tech-used-during-the-world-cup-8287574/,The Indian Express 
How does VAR at the 2022 World Cup work?,Love it or hate it  it's here. The Video Assistant Referee system has received a mixed bag of reviews over the past few years but  whether we like it or,https://www.90min.com/posts/how-does-var-at-the-2022-world-cup-work,90min 
Cesc Fabregas left baffled by referee's response to Belgium back pass and penalty shout,Former World Cup winner Cesc Fabregas has been left baffled after referee Janny Sikazwe failed to award Canada a second penalty in their clash with,https://www.mirror.co.uk/sport/football/news/world-cup-canada-belgium-referee-28570013,The Mirror 
Why there is so much stoppage time at the 2022 World Cup,In the past  there have been rumblings of football matches being shortened from their traditional 90-minute length to appeal to a younger,https://www.cnn.com/2022/11/23/football/extra-time-qatar-world-cup-explainer-spt-intl/index.html,CNN 
The offside rule in soccer  explained - Washington Post,The offside rule shapes the World Cup. Do you know it when you see,https://www.washingtonpost.com/sports/interactive/2022/offside-world-cup/,The Washington Post 
Semi Automated Offside Technology: How Does It Work During The World Cup?,FIFA has announced that it will use Semi-Automated Offside Technology at the FIFA World Cup 2022 in Qatar starting from 21,https://www.techjuice.pk/semi-automated-offside-technology-how-does-it-work-during-the-world-cup/,TechJuice 
Eden Hazard wins offside call by passing to opponent from referee who ended match early,The referee of Wednesday's World Cup clash between Belgium and Canada has been remembered for a famous decision in the Africa Cup of,https://www.express.co.uk/sport/football/1700716/Eden-Hazard-Belgium-score-Canada-World-Cup-news,Daily Express 
Former Premier League referee speaks out on VAR controversies in Qatar World Cup,The 2022 World Cup has been plagued by controversies involving VAR  with England  Argentina and Ecuador all left feeling aggrieved after,https://www.mirror.co.uk/sport/football/news/world-cup-qatar-var-referees-28569783,The Mirror 
FIFA World Cup Offside Calls Aided With Sensors In Soccer Balls Because Refs Can't Be Trusted,With 64 games to be played in the upcoming 2022 FIFA World Cup in November  the last thing anyone needs is to stop the games to review,https://in.mashable.com/tech/42346/fifa-world-cup-offside-calls-aided-with-sensors-in-soccer-balls-because-refs-cant-be-trusted,Mashable India 
Denmark vs Tunisia FIFA World Cup 2022 Highlights: Tunisia Hold Denmark To A 0-0 Draw In Group D,FIFA World Cup 2022  Denmark vs Tunisia Highlights: Tunisia put in a great defensive display to secure a goalless draw against Denmark in Group,https://sports.ndtv.com/fifa-world-cup-2022/fifa-world-cup-2022-live-denmark-vs-tunisia-live-score-3543421,NDTV Sports 
Why so much stoppage time is being added on at the World Cup,It's taken many people by surprise but Fifa's head of refereeing warned about the move before the start of the,https://www.manchestereveningnews.co.uk/sport/football/football-news/england-world-cup-added-time-25574468,Manchester Evening News 
FIFA World Cup offside calls aided with sensors in soccer balls because refs can't be trusted,The 2022 FIFA World Cup in Qatar will use new tracking cameras and ball sensors to determine offside,https://mashable.com/article/fifa-world-cup-ai-offside-tech,Mashable 
The World Cup’s New High-Tech Ball Will Change Soccer Forever,When the 2022 World Cup made its debut on Sunday  it kicked off one of the most significant in-game uses of technology in sports,https://fivethirtyeight.com/features/the-world-cups-new-high-tech-ball-will-change-soccer-forever/,FiveThirtyEight 
What's this new rule: Fans fume as Argentina's Lautaro Martinez's goal vs Saudi Arabia is ruled offside,In what was the biggest upset of the FIFA World Cup 2022  and one of the greatest footballing upsets of all time  Saudi Arabia defeated pre,https://www.timesnownews.com/sports/football/whats-this-new-rule-fans-fume-as-argentinas-lautaro-martinezs-goal-vs-saudi-arabia-ruled-offside-article-95693574,Times Now 
What is a semi-automatic offside and will it be used in the World Cup 2022?...,OFFSIDE calls has been one of the major talking points at the winter World Cup in Qatar - but it's not all down to the referees.FIFA have reportedly,https://www.thesun.co.uk/sport/19658936/what-is-semi-automatic-var-offside-world-cup/,The Sun 
Referee cancels 3 Argentine goals in first half of match against Saudi Arabia because of offside,Slovenian referee Slavko Vinčić canceled three goals scored by Argentina in the first half of the first leg of the group stage match FIFA World,https://www.telecomasia.net/news/football/referee-cancels-3-argentine-goals-in-first-half-of-match-against-saudi-arabia-because-of-offside/,Telecom Asia 
What is semi-automated offside technology and how does it work at the World Cup,At this year's World Cup in Qatar  VAR will once again be used to assist referees during tournament matches. While use of the video assistant has,https://www.manchestereveningnews.co.uk/sport/football/football-news/world-cup-offside-explained-var-25576104,Manchester Evening News 
The Offside Rule Explained For 2022 FIFA World Cup,Offside calls are some of the most controversial ones in soccer. Here's a detailed look at the rules with the 2022 FIFA World Cup,https://www.nbcwashington.com/news/sports/world-cup-2022/the-offside-rule-explained-for-2022-fifa-world-cup/3214268/,NBC4 Washington 
‘Madness’: Insane VAR drama rocks World Cup in first five minutes,It took less than five minutes for refereeing controversy to strike at the 2022 World Cup  with hosts Qatar benefiting from a dramatic off-side call,https://www.foxsports.com.au/football/world-cup/fifa-world-cup-2022-var-drama-in-qatar-vs-ecuador-enner-valencia-offside-explainer-news/news-story/a96124cc81487b59c9af7470f0812a96,Fox Sports 
Is VAR being used at the World Cup  what is semi-automated offside technology and how will it differ from...,VAR has become an integral part of modern football and will make its return in Qatar four years after its World Cup debut.Video Assistant Referee,https://talksport.com/football/1199794/var-at-world-cup-2022-qatar-semi-automated-offside-technology-premier-league-england/,talkSPORT 
SAOT: AI-based New Semi-automated Offside Technology Started To Use In The 2022 World Cup,AI-powered semi-automated offside technology (SAOT) is deployed for the 2022 World Cup in Qatar. FIFA has been testing SAOT for the past three,https://dataconomy.com/2022/11/saot-semi-automated-offside-technology-2022/,Dataconomy 
Inside the new technology that 'speeds up the game' at the Qatar Fifa World Cup,Like the 2022 World Cup itself  Virtual Assistant Referee (VAR) technology has not gone without its criticisms and was even the subject of a,https://www.express.co.uk/news/science/1699498/world-cup-qatar-var-hawkeye-productions-football,Daily Express 
World Cup's fastest goal overturned by semiautomated offside technology.,Well  that didn't take long. Just 158 seconds into Sunday's opening match of the World Cup in Qatar  referee Daniele Orsato relied on soccer's,https://slate.com/technology/2022/11/world-cup-saot-var-referee-technology.html,Slate Magazine 
Technology Innovations at the 2022 FIFA World Cup Qatar,The 2022 FIFA Qatar World Cup brings many new technology innovations to improve the soccer experience for both fans and,https://www.tomorrowsworldtoday.com/2022/11/21/technology-innovations-at-the-2022-fifa-world-cup-qatar/,Tomorrow's World Today 
FIFA World Cup 2022: Will tech help or complicate football  one byte at a time?,In theory  wider adoption of technology provides more data for correct decision making  particularly when things are as close as a kneecap being,https://www.hindustantimes.com/business/fifa-world-cup-2022-will-tech-help-or-complicate-football-one-byte-at-a-time-101669033876100.html,Hindustan Times 
World Cup Qatar 2022: automated offside new VAR technology explained,The Sun's Chief Sports Reporter Martin Lipton explains how new rules being used in the Qatar World Cup will crack down on time wasting including,https://www.youtube.com/watch%3Fv%3D_u67IdaYNwM,YouTube 
How does VAR work at the World Cup? What is semi-automated offside and how is it being used?,Four years after making its World Cup debut  Video Assistant Referee technology returned in Qatar. VAR has become an integral part of football over the,https://www.eurosport.com/football/world-cup/2022/is-var-at-the-2022-qatar-world-cup-what-is-semi-automated-offside-and-how-does-it-work_sto9200956/story.shtml,Eurosport 
Officials announced for Argentina vs. Saudi Arabia at 2022 World Cup,The officials have been announced for Argentina vs. Saudi Arabia at the 2022 World Cup. Slavko Vincic of Slovenia will be the referee for,https://mundoalbiceleste.com/2022/11/20/officials-announced-for-argentina-vs-saudi-arabia-at-2022-world-cup/,Mundo Albiceleste 
Every VAR Call at the 2022 FIFA World Cup in Qatar,VAR is back for the second straight World Cup  assisting referees on penalty calls and goals. Here's a look at every VAR moment at the 2022 World,https://www.nbcphiladelphia.com/news/sports/world-cup-2022/every-var-call-at-the-2022-fifa-world-cup-in-qatar/3430664/,NBC10 Philadelphia 
MARK CLATTENBURG: Referees need the same rulebook for the sake of consistency in Qatar,I'm afraid that injustice wasn't what inspired me to go into refereeing! But I've loved every edition since. England had no referees at the 2018 World,https://www.dailymail.co.uk/sport/football/article-11449207/MARK-CLATTENBURG-Referees-need-rulebook-sake-consistency-Qatar.html,Daily Mail 
Offside rule in soccer  explained: The simple definition and how referees still manage to get it wrong,The Sporting News breaks down the offside rule  how it will be enforced at the 2022 World Cup and why it's a part of the,https://www.sportingnews.com/us/soccer/news/offside-rule-soccer-explained/joz30fulyxepkne3soxqvcrs,Sporting News 
Ecuador's First Goal Against Qatar Overturned on Controversial Offsides Call,The very first game of the 2022 World Cup pitted the home country of Qatar against Ecuador. The visitors did not take long to get things going and scored,https://www.thebiglead.com/posts/ecuador-goal-qatar-offsides-bad-call-01gjax34s6z5,The Big Lead 
Ecuador got screwed out of a goal at the World Cup and Twitter thinks FIFA rigged it,Soccer fans across the world bore witness to the first bad call of the World Cup 2022  and are calling out FIFA for rigging the,https://fansided.com/2022/11/20/ecuador-screwed-goal-world-cup-fifa-rigged/,FanSided 
FIFA World Cup Qatar 2022: Infantino reviews off-side tech  praises referees - Sentinelassam,FIFA has reviewed the technologies to be used in FIFA World Cup Qatar 2022 matches  the world football body said on Saturday  a day before the start of,https://www.sentinelassam.com/sports/football/fifa-world-cup-qatar-2022-infantino-reviews-off-side-tech-praises-referees-624292,The Sentinel Assam 
FIFA World Cup 2022 refereeing: VAR  semi-automated offside technology  Stephanie Frappart among what to know,Referee Christina Unkel breaks down what a handball is  the tricky part of the offside rule and,https://www.cbssports.com/soccer/news/fifa-world-cup-2022-refereeing-var-semi-automated-offside-technology-stephanie-frappart-among-what-to-know/,CBS Sports 
Offside rule in soccer  explained: The simple definition and how referees still manage to get it wrong,The Sporting News breaks down the offside rule  how it will be enforced at the 2022 World Cup and why it's a part of the,https://www.sportingnews.com/au/soccer/news/offside-rule-soccer-explained/joz30fulyxepkne3soxqvcrs,Sporting News 
Explained: Why Ecuador’s opening goal against World Cup hosts Qatar was disallowed,What appeared to be the opening goal of the 2022 World Cup was ruled out for offside. But why was it ruled,https://theathletic.com/3915016/2022/11/20/ecuador-goal-disallowed-var/,The Athletic 
FIFA World Cup: What is meant by semi-automated offside technology? How does it work?,FIFA said that the technology will work as a support tool for the video match officials and the on-field officials to help them make faster  more,https://www.republicworld.com/sports-news/football-news/fifa-world-cup-what-is-meant-by-semi-automated-offside-technology-how-does-it-work-articleshow.html,Republic World 
FIFA World Cup VAR Review: Why was Ecuador goal disallowed for offside?,The opening goal of the FIFA World Cup 2022 by Ecuador against Qatar was ruled out after a VAR check  something that looked controversial,https://sportstar.thehindu.com/football/fifa-world-cup/news/fifa-world-cup-why-was-ecuador-enner-valencia-first-goal-ruled-offside-var-qatar-2022-wc-soccer/article66162057.ece,Sportstar 
Qatar 2022: Funniest memes and reactions of Ecuador's goal ruled offside by VAR,In the first controversial call of the 2022 World Cup  Ecuador seemed to have a valid goal in the first minutes of the opening,https://bolavip.com/en/qatar2022/qatar-2022-funniest-memes-and-reactions-ecuador-goal-ruled-offside-var-20221120-0031.html,Bolavip 
What is offside in soccer? Explaining the rule so you're prepared to watch the 2022 World Cup.,Touching the ball with your hand is a self-explanatory violation in a sport called "football" around the world  but the offside rule isn't so,https://www.usatoday.com/story/sports/soccer/worldcup/2022/11/20/offside-offsides-explained-soccer-qatar-2022-world-cup/10699191002/,USA Today 
World Cup 2022: What is semi-automated offside technology and how does it work?,Semi-automated offside technology is an extension of VAR and will be included at every stadium for the FIFA World Cup 2022 in,https://metro.co.uk/2022/11/20/world-cup-2022-what-is-semi-automated-offside-technology-and-how-does-it-work-17777165/,Metro UK 
Semi-automatic offside is inaugurated with controversy at the World Cup: what is it  how does it work and,The semi-automatic off-side comes to the 2022 World Cup in Qatar and it seems that FIFA wants to keep it in operation after the,https://www.marca.com/en/world-cup/2022/11/20/637a6f53e2704e349a8b4602.html,MARCA 
FIFA promises faster  more accurate offside decisions in Qatar,Published: November 19  2022 12:05:18 | Updated: November 19  2022 17:42:49. Chairman of the FIFA referees committee Pierluigi Collina during a briefing,https://thefinancialexpress.com.bd/public/sports/fifa-promises-faster-more-accurate-offside-decisions-in-qatar-1668837917,The Financial Express 
FIFA officials present new technology where rulings will be way more accurate and faster tech than ever,Qatar 2022. Wayne Rooney shows no respect for USMNT with prediction for England clash at Qatar World Cup; World Cup,https://www.marca.com/en/world-cup/2022/11/19/63787752e2704ec53e8b45b5.html,Marca 
World Cup: Fifa tech promises faster  more accurate offside decisions in Qatar,(From left) Fifa referees committee chairman Pierluigi Collina  Fifa president Gianni Infantino and head of the Fifa referee department Massimo,https://www.straitstimes.com/sport/football/world-cup-fifa-tech-promises-faster-more-accurate-offside-decisions-in-qatar,The Straits Times 
SAOT ain't slow: how does the World Cup's AI-assisted offside system work?,Technology to assist VAR is designed to ensure offside calls in Qatar are quicker and more accurate – but it is not without,https://www.theguardian.com/football/2022/nov/19/saot-world-cup-ai-assisted-offside-system-var-qatar,The Guardian 
FIFA guarantees more accurate offside decisions in Qatar World Cup,FIFA's latest technology developed over the last three years would help make more precise and quicker VAR offside judgements in the Qatar World,https://a-sports.tv/fifa-guarantees-more-accurate-offside-decisions-in-qatar-world-cup/,a-sports.tv A Sports 
Collina: With SAOT we can make quicker and more accurate decisions,Semi-Automated Offside Technology (SAOT) and the Al Rihla – the official adidas FIFA World Cup Qatar 2022™ match ball featuring connected ball,https://www.fifa.com/en/news/collina-with-saot-we-can-make-quicker-and-more-accurate-decisions,FIFA 
1 DAY TO GO: FIFA Referees Committee reviews the used Techniques in World Cup matches,World Cup 2022 kick-off. ✳ November 20 ⚽ Qatar vs Ecuador 7pm. Doha  Qatar | QNA | FIFA has reviewed the various technologies that will be used in,https://www.independent.co.ug/1-day-to-go-fifa-prohibits-sale-of-alcoholic-beverages-at-world-cup-stadiums/,The Independent Uganda 
Refereeing at the World Cup explained: Match officials  VAR  offside technology and more,Everything you need to know about refereeing and technology at the 2022 World,https://theathletic.com/3910599/2022/11/19/refereeing-world-cup-officials-var-offside/,The Athletic 
FIFA World Cup: FIFA Promises ADVANCEMENT in Technology  VAR & Offside Decisions to be FASTER - Check Out,FIFA World Cup: FIFA Promises ADVANCEMENT in Technology  VAR & Offside Decisions to be FASTER  Qatar World Cup,https://www.insidesport.in/fifa-world-cup-fifa-promises-advancement-in-technology-var-offside-decisions-to-be-faster-check-out/,InsideSport.IN 
FIFA World Cup Qatar 2022: Video Assistant Refereeing gets a tech boost to catch offsides,New system detects the positions of the ball and the players to make accurate,https://gulfnews.com/qatar-world-cup-2022/news-views/fifa-world-cup-qatar-2022-video-assistant-refereeing-gets-a-tech-boost-to-catch-offsides-1.1668790111834,Gulf News 
How AI will reduce errors at FIFA World Cup,Adarsh explains how Semi-Automated Offside Technology will replace VAR at the upcoming FIFA World Cup for a more error free,https://www.sify.com/ai-analytics/how-ai-will-reduce-errors-at-fifa-world-cup/,Sify 
Why Qatar 2022 will be the most hi-tech World Cup,Football News: Football was late in embracing it but the World Cup in Qatar will be a showcase of using modern-day technology to make the sport,https://timesofindia.indiatimes.com/sports/football/fifa-world-cup-2022/why-qatar-2022-will-be-the-most-hi-tech-wc/articleshow/95599307.cms,Times of India 
How VAR works at the World Cup and the new 'robot offside' line explained,VAR was viewed as a success at the 2018 World Cup  and now semi-automated offside technology will be used to help officials in,https://inews.co.uk/sport/football/var-world-cup-2022-how-technology-works-semi-automated-offside-line-explained-1978458,iNews 
What to know about video review at the World Cup,The 2022 World Cup in Qatar will be the 22nd edition of men's soccer's global showcase  but it'll be just the second tournament to feature video,https://www.washingtonpost.com/sports/2022/11/17/var-world-cup/,The Washington Post 
FIFA World Cup 2022: 5 New Rules In FIFA World Cup 2022 In Qatar.,The FIFA World Cup 2022 will shortly begin in 3 days' time. There are always interesting rules in football. The offside line rule is something that,https://www.icccricketschedule.com/fifa-world-cup-2022-5-new-rules-in-fifa-world-cup-2022-in-qatar/,ICC Cricket Schedule 
VAR at World Cup 2022: How will the semi-automated offside technology work?,VAR technology became a significant talking point at the 2018 World Cup  with the tournament proving to be the catalyst for its widespread,https://www.dailymail.co.uk/sport/football/article-11430587/VAR-World-Cup-2022-semi-automated-offside-technology-work.html,Daily Mail 
Semi-Automated Offside... A New Technology Launched in Qatar's World Cup,Doha  Qatar | QNA | FIFA has introduced a new offside technology  set to help referees make offside decisions faster and more,https://www.independent.co.ug/semi-automated-offside-a-new-technology-launched-in-qatars-world-cup/,The Independent Uganda 
Is VAR the villain of the World Cup? | Qatar World Cup 2022 News,Love it or hate it  the video assistant referee is here to stay – so what does it mean for the,https://www.aljazeera.com/podcasts/2022/11/16/is-var-the-villain-of-the-world-cup,Al Jazeera 
5 new rules at the FIFA World Cup that will change the tides,The Qatar 2022 FIFA World Cup is one many first firsts; you already know the time and place are one kind but these new 5 rules will change the,https://www.pulselive.co.ke/sports/football/5-new-rules-at-the-fifa-world-cup-that-will-change-the-tides/sn1zwn3,Pulse Kenya 
FIFA World Cup 2022: What's new in Qatar World Cup,The 2022 FIFA World Cup is the first to be held in November-December and will use cooling equipment to manage the,https://www.firstpost.com/sports/football-news/fifa-world-cup-2022-female-referees-off-side-technology-cooling-equipment-everything-new-in-qatar-11627291.html,Firstpost 
What is new at World Cup 2022?,Female refs and 26-man squads among the firsts at the FIFA World Cup taking place in,https://www.aljazeera.com/sports/2022/11/13/whats-new-at-fifa-world-cup-2022,Al Jazeera 
2022 World Cup: Major Changes and Rules Expected in Qatar As the Tournament Edges Closer - SportsBrief.com,SportsBrief.com News - The 2022 World Cup in Qatar is just over a week away. FIFA has introduced several changes and rules  some of which will,https://sportsbrief.com/football/27661-2022-world-cup-major-rules-expected-qatar-tournament-edges-closer/,Sports Brief 
World Cup 2022: How will VAR work in Qatar?,There's no getting away from it  VAR is here and it's here to stay. Video technology will be present at the World Cup in Qatar to help the referees make,https://www.marca.com/en/world-cup/2022/11/09/636bef9b268e3e92488b459f.html,MARCA 
FIFA World Cup official match ball: What is new connected ball technology?,The official match ball of the FIFA World Cup 2022 will feature new connected ball technology  which will be used to enhance the VAR (Video,https://thefederal.com/sports/fifa-world-cup-2022-official-match-ball-what-is-new-connected-ball-technology/,The Federal News 
Champions League refereeing: Sadio Mane's handball that wasn't  and why offside calls still take so long,UEFA Champions League Matchday 6 came with little controversy for the referee teams as they completed UCL duty and the elite of the UEFA referees,https://www.cbssports.com/soccer/news/champions-league-refereeing-sadio-manes-handball-that-wasnt-and-why-offside-calls-still-take-so-long/,CBS Sports 
World Cup 2022: What is Semi-automated offside technology  set to be used in Qatar WC?,With the introduction of the goal-line technology in 2014 (Brazil) and the Video Assistant Referee (VAR) in 2018 (Russia)  SAOT will follow the custom,https://sportstar.thehindu.com/football/fifa-world-cup/news/qatar-2022-new-features-semi-automatic-offside-technology-saot-in-soccer-world-cup/article66081895.ece,Sportstar 
Many firsts in Qatar edition of FIFA WC; women referees  26 member squad in spite of 23 and more,The biggest football tournament is approaching fast with its grand opening set to take place in less than a month  and soccer fans are already abuzz,https://newsroompost.com/sports/many-firsts-in-qatar-edition-of-fifa-wc-women-referees-26-member-squad-in-spite-of-23-and-more/5205374.html,NewsroomPost 
What is new in the first-ever FIFA World Cup  Qatar 2022? What novel changes can be seen this time?,Football fans are all buzzing over Qatar 2022  the first-ever FIFA World Cup to be held in the Middle East. Here are a few significant changes that may,https://www.jagranjosh.com/general-knowledge/what-is-new-in-the-first-ever-fifa-world-cup-qatar-2022-what-novel-changes-can-be-seen-this-time-1666873618-1,Jagran Josh 
World Cup 2022: What is new in Qatar 2022,Qatar 2022  the first-ever FIFA World Cup to be hosted in the Middle East  will bring along with it a few brand-new,https://sportstar.thehindu.com/football/fifa-world-cup/news/qatar-2022-what-is-new-fifa-world-cup-semi-automated-offside-five-subs-women-referees/article66053666.ece,Sportstar 
Will VAR be in use at Qatar 2022? World Cup to get semi-auto offside tech,FIFA is to use a semi-automated offside system during the 2022 World Cup as well as Video Assistant Referees (VAR) in,https://www.hitc.com/en-gb/2022/10/18/will-var-be-in-use-at-qatar-2022-world-cup-to-get-semi-auto-offside-tech/,HITC 
Will VAR be used at the 2022 World Cup? What is it  who calls for VAR in football?,Video Assistant Referee (VAR) has become an established part of elite football in most of Europe's top countries. VAR was first introduced on the big,https://www.nationalworld.com/sport/football/var-world-cup-2022-qatar-will-it-be-used-fifa-3866504,NationalWorld 
Offside! Qatar World Cup 2022 set to implement automated system,The 2022 FIFA World Cup in Qatar is expected to adopt semi-automated offside systems  using artificial intelligence (AI),https://www.verdict.co.uk/fifa-world-cup-qatar-automated-offside/,Verdict 
Champions League welcomes semi-automated VAR offside  but what's it all about?,FIFA and UEFA have spent the past three years testing out a new artificial-intelligence-based semi-automated offside technology (SAOT)  and now it's,https://www.espn.com/soccer/uefa-champions-league/story/4736191/champions-league-welcomes-semi-automated-var-offsidebut-whats-it-all-about,ESPN 
Hawkeye could spell the end of the linesman in football... as new technology is set to be used soon,No more waiting around while the officials spend minutes drawing lines on the bottom of Harry Kane's shirt sleeve to find out if he is a few inches,https://www.dailymail.co.uk/sport/football/article-11176897/Hawkeye-spell-end-linesman-football-new-technology-set-used-soon.html,Daily Mail 
Collina reflects on six years of VAR: “One of the biggest changes in football history",1 September marks six years since VAR was first used during international match. Chairman of FIFA's Referees Committee  Pierluigi Collina reflects on,https://www.fifa.com/news/collina-reflects-on-six-years-of-var-one-of-the-biggest-changes-in-football,FIFA 
FIFA to Use Artificial Intelligence Player Tracking at 2022 World Cup￼,Artificial intelligence will be used by FIFA (International Federation of Association Football) at the FIFA World Cup in Qatar beginning on Nov. 21 ,https://www.procon.org/headlines/fifa-to-use-artificial-intelligence-player-tracking-at-2022-world-cup%25EF%25BF%25BC/,ProCon.org 
FIFA referee chief Pierluigi Collina urges World Cup officials to avoid using technology if they can,The use of VAR will be available in the tournament while a semi-automated offside system  capable of sending real-time offside alerts to the video,https://www.dailymail.co.uk/sport/football/article-11115273/FIFA-referee-chief-Pierluigi-Collina-urges-World-Cup-officials-avoid-using-technology-can.html,Daily Mail 
World Cup: Will semi-automated offside be the big VAR fix many hoped for?,FIFA has spent the past three years testing its new Artificial Intelligence (AI)-based Semi-Automated Offside Technology (SAOT.) It has now been,https://www.espn.in/football/fifa-world-cup/story/4692793/world-cup-will-semi-automated-offside-be-the-big-var-fix-many-hoped-for,ESPN 
Michael Oliver to referee 2022 UEFA Super Cup with Semi-Automated Offside Technology to be introduced | Inside UEFA,Semi-Automated Offside Technology will premiere at the UEFA Super Cup match in Helsinki  and will be used in the upcoming UEFA Champions League,https://www.uefa.com/insideuefa/news/0278-15c77997baa9-c07d7b92228f-1000--michael-oliver-to-referee-super-cup-as-semi-automated-offside-t/,UEFA.com 
FIFA to introduce semi-automated offside technology at Qatar World Cup,BEIJING -- FIFA has announced that semi-automated offside technology (SAOT) will be used at 2022 Qatar World Cup to enable referees to make,https://www.chinadaily.com.cn/a/202207/20/WS62d76b39a310fd2b29e6d601.html,China Daily 
A closer look at the new technology being implemented for the Qatar World Cup 2022,Football is getting technological with it  as the World Cup held in Qatar later this year sees an impressive upgrade to the,https://www.lifestyleasia.com/bk/gear/tech/qatar-world-cup-2022-technology/,Lifestyle Asia Hong Kong 
FIFA Introduces Semi-Automated Offside Technology for FIFA World Cup 2022,FIFA introduced the semi-automated offside technology as part of the preparations for the FIFA World Cup 2022 in,https://techacute.com/fifa-introduces-semi-automated-offside-technology-for-fifa-world-cup-2022/,TechAcute 
AI will help referees make offside calls at 2022 FIFA World Cup,It's the third World Cup in a row that sees FIFA introduce new technology to help,https://www.fox10phoenix.com/sports/fifa-world-cup-2022-video-referees-ai-offside-calls,FOX 10 Phoenix 
AI Referee Will Track Players' Individual Limbs at World Cup,FIFA — international overlord of soccer-slash-football — will be implementing a complex offsides-detecting AI system at the forthcoming World,https://futurism.com/the-byte/ai-referee-players-limbs-world-cup,Futurism 
FIFA will track players' bodies using AI to make offside calls at 2022 World Cup,FIFA is introducing a new “semi-automated” system to detect offside offenses at the 2022 World Cup in Qatar. The system combines data from a sensor in,https://www.theverge.com/2022/7/5/23195009/fifa-ai-automated-offside-ball-body-tracking-2022-qatar-world-cup,The Verge 
FIFA to Leverage Artificial Intelligence for More Accurate Offside Calls During 2022 World Cup,FIFA is implementing a new state-of-the-art camera system equipped with artificial intelligence to aid referees in producing better calls amid the,https://www.techtimes.com/articles/277633/20220705/fifa-leverage-artificial-intelligence-more-accurate-offside-calls-during-2022.htm,Tech Times 
EXPLAINER: What is the semi-automated offside technology being introduced at the 2022 FIFA World Cup in Qatar?,FIFA World Cup has been the stage for technological innovations over the years  with the introduction of the goal-line technology in Brazil (2014) and,https://sportstar.thehindu.com/football-videos/fifa-world-cup-2022-qatar-what-is-semi-automated-offside-technology-explained-how-it-works/article65598173.ece,Sportstar 
Qatar 2022: Fifa introduces new offside rule technology for World Cup,The football sporting body Fifa says that the automated system will help support referees  and not take decision-making powers away from,https://www.bbc.co.uk/newsround/62009811,BBC 
FIFA Approves SAOT World Cup 2022 Qatar Football,FIFA announced a subtle but big change to its upcoming World Cup in Qatar this November. As an evolution to the highly debated VAR (video assistant,https://hypebeast.com/2022/7/fifa-announces-saot-2022-world-cup-qatar,Hypebeast 
New refereeing technology to be used at FIFA World Cup 2022,FIFA has announced that semi-automated offside technology will be used at the World Cup 2022 in Qatar starting on 21,https://www.soccer24.co.zw/2022/07/02/new-refereeing-technology-to-be-used-at-fifa-world-cup-2022/,Soccer24 
Semi-automated offside technology to be used at FIFA World Cup 2022™,System provides an automated offside alert to the video match officials team. 3D animation improves communication to in-stadium fans and television,https://www.fifa.com/fifaplus/en/articles/semi-automated-offside-technology-to-be-used-at-fifa-world-cup-2022-tm,FIFA 
Semi-automated offside technology to be used at FIFA World Cup 2022 in Qatar,RIYADH: FIFA officials have announced that semi-automated offside technology will be used at the FIFA World Cup 2022 in Qatar that kicks off on Nov.,https://www.arabnews.com/node/2114651/sport,Arab News 
World Cup 2022 to feature semi-automated offside technology with ball sensors and cameras,Subscribe to Sky Sports News: http://bit.ly/SkySportsNewsSubQatar 2022 will be the first FIFA men's World Cup to use semi-automated offside technology in,https://www.youtube.com/watch%3Fv%3DhM0V4LR-sig,YouTube 
World Cup 2022: VAR makes linesmen redundant as AI decides offside calls,Semi-automated offside technology is to be used for the first time at the FIFA World Cup 2022. The referee and linesmen will now be assisted by a,https://www.t3.com/news/world-cup-2022-offside-var,T3 
Qatar 2022: Fifa introduces new offside rule technology for World Cup,The football sporting body Fifa says that the automated system will help support referees  and not take decision-making powers away from,https://www.bbc.co.uk/newsround/62009811,BBC 
FIFA Approves SAOT World Cup 2022 Qatar Football,FIFA announced a subtle but big change to its upcoming World Cup in Qatar this November. As an evolution to the highly debated VAR (video assistant,https://hypebeast.com/2022/7/fifa-announces-saot-2022-world-cup-qatar,Hypebeast 
2022 FIFA World Cup will feature ball with tracking device  'semi-automated offside technology' and fans are already ... not a fan,By combining the limb- and ball-tracking data and applying artificial intelligence  the new technology provides an automated offside alert to video,https://www.wfaa.com/article/sports/soccer/world-cup/2022-fifa-world-cup-ball-tracker-semi-automated-offside-technology/287-c9aef7c5-77a0-4ca4-a70b-776e3e5f9fb7,WFAA 
FIFA to introduce semi-automated offside technology at Qatar World Cup,FIFA announced on Friday that semi-automated offside technology (SAOT) will be used at the 2022 World Cup in Qatar to enable referees to make faster ,https://www.thestatesman.com/sports/fifa-introduce-semi-automated-offside-technology-qatar-world-cup-1503086394.html,The Statesman 
FIFA to Introduce Semi-Automated Offside Technology at Qatar World Cup,FIFA announced on Friday that semi-automated offside technology (SAOT) will be used at the 2022 World Cup in Qatar to enable referees to make,https://www.thequint.com/sports/football/fifa-to-introduce-semi-automated-offside-technology-at-qatar-world-cup-2,The Quint 
New refereeing technology to be used at FIFA World Cup 2022,FIFA has announced that semi-automated offside technology will be used at the World Cup 2022 in Qatar starting on 21,https://www.soccer24.co.zw/2022/07/02/new-refereeing-technology-to-be-used-at-fifa-world-cup-2022/,Soccer24 
Semi-automated offside technology to be used at FIFA World Cup 2022™,System provides an automated offside alert to the video match officials team. 3D animation improves communication to in-stadium fans and television,https://www.fifa.com/fifaplus/en/articles/semi-automated-offside-technology-to-be-used-at-fifa-world-cup-2022-tm,FIFA 
Semi-automated offside technology to be used at FIFA World Cup 2022 in Qatar,RIYADH: FIFA officials have announced that semi-automated offside technology will be used at the FIFA World Cup 2022 in Qatar that kicks off on Nov.,https://www.arabnews.com/node/2114651/sport,Arab News 
World Cup 2022 to feature semi-automated offside technology with ball sensors and cameras,Subscribe to Sky Sports News: http://bit.ly/SkySportsNewsSubQatar 2022 will be the first FIFA men's World Cup to use semi-automated offside technology in,https://www.youtube.com/watch%3Fv%3DhM0V4LR-sig,YouTube 
World Cup 2022: Qatar tournament to feature semi-automated offside technology with ball sensors and cameras,Qatar World Cup 2022 to use semi-automated offside technology providing alerts to video match officials; new technology uses 12 dedicated tracking,https://www.skysports.com/football/news/12098/12643330/world-cup-2022-qatar-tournament-to-feature-semi-automated-offside-technology-with-ball-sensors-and-cameras,Sky Sports 
Qatar 2022 World Cup to implement semi-automated offside VAR,Following trials  the use of semi-automated VAR technology will feature at the 2022 World Cup in Qatar  FIFA has,https://english.stadiumastro.com/football/qatar-2022-world-cup-implement-semi-automated-offside-var-217480,Stadium Astro 
World Cup 2022: Qatar to introduce 'evolutionary' semi-automated offside technology,FIFA have announced that the 2022 World Cup in Qatar will introduce new technology designed to aid match officials with offside,https://www.planetsport.com/soccer/news/world-cup-2022-qatar-introduce-evolutionary-semi-automated-offside-technology,Planet Sport 
FIFA will semi-automate key offside calls at 2022 World Cup,"Limb-tracking technology" and sensors embedded in balls will help officials make tight offside calls in,https://sports.yahoo.com/automated-offside-var-world-cup-080218991.html,Yahoo! Sports 
Semi-automated offside technology to be used at FIFA World Cup 2022: FIFA| Gulf Times,... * System provides automated offside alert to video match officials team * 3D animation improves communication to in-stadium fans and television,https://www.gulf-times.com/story/720295/Semi-automated-offside-technology-to-be-used-at-FIFA-World-Cup-2022-FIFA,Gulf Times 
Fifa to use new high-tech for offside calls at World Cup,Fifa will introduce new technology to improve offside calls at the World Cup in Qatar this year  using a limb-tracking camera,https://www.thestar.com.my/tech/tech-news/2022/07/01/fifa-to-use-new-high-tech-for-offside-calls-at-world-cup,The Star 
Explained: Why the 2022 World Cup will feature semi-automated offside technology,Welcome to FIFA's new age — the red-letter day when the robots take (partial) charge. This morning (Friday)  FIFA confirmed it will roll out,https://theathletic.com/3394724/2022/07/01/world-cup-2022-semi-automated-offsides/,The Athletic 
World Cup 2022: Qatar tournament to feature semi-automated offside technology with ball sensors and cameras,Qatar World Cup 2022 to use semi-automated offside technology providing alerts to video match officials; new technology uses 12 dedicated tracking,https://www.skysports.com/football/news/12098/12643330/world-cup-2022-qatar-tournament-to-feature-semi-automated-offside-technology-with-ball-sensors-and-cameras,Sky Sports 
World Cup in Qatar to use semi-automated offside system,FIFA has confirmed that a semi-automated offside system will be used at this year's football World Cup in Qatar. The new technology utilises a,https://www.aljazeera.com/news/2022/7/1/world-cup-in-qatar-to-utilise-semi-automated-offside-system,Al Jazeera 
FIFA confirm semi-automated offside technology for 2022 World Cup - Liverpool FC,Semi-automated offside technology will be used at the World Cup in Qatar this winter  FIFA has announced. FIFA estimates the technology will help to,https://www.thisisanfield.com/2022/07/fifa-confirm-semi-automated-offside-technology-for-2022-world-cup/,This Is Anfield 
FIFA World Cup 2022: FIFA to Introduce Semi-Automated Off-Side Technology in Qatar,FIFA World Cup 2022: FIFA to Introduce Semi-Automated Off-Side Technology in Qatar | Get latest sports news and updates on india.com sports | FIFA World,https://www.india.com/sports/fifa-world-cup-2022-fifa-to-introduce-semi-automated-off-side-technology-in-qatar-5487476/,India.com 
World Cup: Will semi-automated offside be the big VAR fix many hoped for?,FIFA has spent the past three years testing its new Artificial Intelligence (AI)-based Semi-Automated Offside Technology (SAOT.) It has now been,https://ghanasoccernet.com/world-cup-will-semi-automated-offside-be-the-big-var-fix-many-hoped-for,GHANAsoccernet 
Semi-automated offside technology to be used at FIFA World Cup 2022™,FIFA has announced that semi-automated offside technology will be used at the FIFA World Cup 2022™ in Qatar starting on 21,https://www.fifa.com/technical/media-releases/semi-automated-offside-technology-to-be-used-at-fifa-world-cup-2022-tm,FIFA 
AI-powered technology will be used to speed up VAR offside calls at World Cup,New AI-powered technology will be used at the Qatar World Cup  Fifa has confirmed  claiming it will halve the time taken to make VAR offside,https://www.theguardian.com/football/2022/jul/01/fifa-ai-powered-technology-var-offside-world-cup,The Guardian 
FIFA World Cup 2022 Will Use Semi-Automated Offside Technology for 'Accurate and Faster Decisions',In a significant enhancement of VAR  FIFA is implementing new tracking technology to help streamline reviews of offside calls at World Cup Qatar 2022,https://sporttechie.com/fifa-world-cup-2022-semi-automated-offside-technology,SportTechie 
FIFA to use new high-tech for offside calls at World Cup | Loop Caribbean News,FIFA will introduce new technology to improve offside calls at the World Cup in Qatar this year  using a limb-tracking camera system. FIFA said Friday it,https://caribbean.loopnews.com/content/fifa-use-new-high-tech-offside-calls-world-cup-2,Loop Caribbean News 
FIFA Brings Microchips to the World Cup With New Offside Tracking Tech,FIFA will debut new offside tracking technology at this year's World Cup  as officiating across sports continues to experiment with,https://sports.yahoo.com/fifa-brings-microchips-world-cup-080000293.html,Yahoo! Sports 
Qatar World Cup will use semi-automated offside technology  Fifa announces,Fifa has announced that semi-automated offside technology will be deployed at the World Cup in Qatar this,https://eandt.theiet.org/content/articles/2022/06/qatar-world-cup-will-use-semi-automated-offside-technology-fifa-announces/,E&T Magazine 
World Cup 2022: VAR makes linesmen redundant as AI decides offside calls,Semi-automated offside technology is to be used for the first time at the FIFA World Cup 2022. The referee and linesmen will now be assisted by a,https://www.t3.com/news/world-cup-2022-offside-var,T3 
FIFA confirm use of semi-automated offsides at 2022 World Cup,Following Video Assistant Referee technology in the 2018 World Cup in Russia  FIFA have now confirmed that the next phase of automated officiating will,https://en.as.com/soccer/fifa-confirm-use-of-semi-automated-offsides-at-2022-world-cup-n/,AS USA 
FIFA: Watch The New Semi-Automated Offside Technology That Will Be Used In Qatar World Cup 2022 For The First Time In Football History,According to a report  FIFA has recently announced that the new semi-automated offside technology will be used at the FIFA World Cup 2022™ in Qatar,https://www.si.com/soccer/manchesterunited/news/fifa-watch-the-new-semi-automated-offside-technology-that-will-be-used-in-qatar-world-cup-2022-for-the-first-time-in-football-history,Sports Illustrated 
adidas reveals the first FIFA World Cup™ official match ball featuring connected ball technology,Connected ball technology comes to Al Rihla for sport's biggest stage  providing the VAR team with precise ball data in real time to support,https://news.adidas.com/football/adidas-reveals-the-first-fifa-world-cup--official-match-ball-featuring-connected-ball-technology/s/cccb7187-a67c-4166-b57d-2b28f1d36fa0,adidas News 
Semi-automated Offside Technology To Be Used At FIFA World Cup 2022™ - News Today January 4  2023,The system provides an automatic offside alert to the match refereeing team via video; 3D animation enhances communication with stadium fans and,https://nnn.ng/semi-automated-offside/,Naija News 
Semi-automated offside approved for World Cup after successful VAR trials by FIFA,FIFA has approved the use of its new semi-automated VAR offside technology for the 2022 World Cup in,https://www.espn.co.uk/football/fifa-world-cup/story/4692792/semi-automated-offside-approved-for-world-cup-after-successful-var-trials-by-fifa,ESPN 
FIFA OKs sensor ball and semi-automatic offside tracking for the 2022 World Cup,FIFA World Cup 2022 will feature an updated VAR (video assistant referee) system known as semi-automated offside technology  the international,https://finance.yahoo.com/news/fifa-approves-semi-automatic-offside-technology-word-cup-qatar-2022-213057911.html,Yahoo Finance 
FIFA Approves Semi-Automated Offside Technology For World Cup Qatar 2022,Using cameras strategically positioned around the stadiums  and a chip in the match ball  FIFA said the technology will go a long way to cutting down,https://www.news18.com/news/football/fifa-approves-semi-automated-offside-technology-for-world-cup-qatar-2022-5473999.html,News18 
What could possibly go wrong?! Semi-automated VAR to make offside calls at 2022 World Cup  FIFA confirms,FIFA has announced that semi-automated technology will be used at the 2022 World Cup to aid offside,https://www.goal.com/en-us/news/semi-automated-var-offside-2022-world-cup-fifa/blt81dfc9db9a8deae7,Goal.com 
Semi-automatic offside will be in place at the Qatar World Cup,2022 World Cup. Josh Cavallo: My dream is to play in Qatar  but I don't want to put my life in danger. Semi-automatic offside is coming and everything,https://www.marca.com/en/football/2022/07/01/62beb251e2704ecb218b45c5.html,MARCA 
Qatar 2022 World Cup To Implement Semi-automated Offside VAR,FIFA has confirmed it will utilise semi-automated VAR offside technology at the Qatar 2022 World Cup later this year  says head of refereeing,https://mscfootball.com/2022/07/qatar-2022-world-cup-to-implement-semi-automated-offside-var/,MSC FOOTBALL 
New offside technology to be used at Qatar World Cup,To prevent lengthy Virtual Assistant Referee (VAR) checks  world football governing body FIFA on Friday introduced the semi-automated offside technology,https://www.pulselive.co.ke/sports/football/semi-automated-offside-technology-approved-by-fifa-for-2022-world-cup-in-qatar/d42ggg5,Pulse Kenya 
Qatar 2022 World Cup to implement semi-automated offside VAR,Following trials  the use of semi-automated VAR technology will feature at the 2022 World Cup in Qatar  FIFA has,https://english.stadiumastro.com/football/qatar-2022-world-cup-implement-semi-automated-offside-var-217480,Stadium Astro 
Qatar 2022 World Cup to implement semi-automated offside VAR,FIFA has confirmed it will utilize semi-automated VAR offside technology at the Qatar 2022 World Cup later this year  says head of refereeing,https://www.beinsports.com/us/fifa-world-cup/video/qatar-2022-world-cup-to-implement-semi-auto-2/1908637,beIN SPORTS 
World Cup 2022: Qatar to introduce 'evolutionary' semi-automated offside technology,FIFA have announced that the 2022 World Cup in Qatar will introduce new technology designed to aid match officials with offside,https://www.planetsport.com/soccer/news/world-cup-2022-qatar-introduce-evolutionary-semi-automated-offside-technology,Planet Sport 
Semi-automated offside technology at World Cup: How does it work?,The 2022 World Cup in Qatar will use semi-automated offside technology. FIFA will use the technology in an attempt to improve speed and accuracy for,https://www.givemesport.com/88028581-semi-automated-offside-technology-at-world-cup-how-does-it-work,GiveMeSport 
FIFA chief Pierluigi Collina welcomes new VAR technology as World Cup change confirmed,Hi-tech semi automatic offside decisions will be in place for the World Cup in Qatar this winter  using AI to track players and  according to the,https://www.mirror.co.uk/sport/football/news/fifa-world-cup-2022-var-27371913,The Mirror 
FIFA's new offside technology to make World Cup debut in Qatar,By Yoo Jee-ho. SEOUL  July 1 (Yonhap) -- FIFA announced Friday it will implement a new offside technology at this year's World Cup to help video,https://en.yna.co.kr/view/AEN20220701004900315,Yonhap News Agency 
FIFA confirm semi-automated offside technology for 2022 World Cup - Liverpool FC,Semi-automated offside technology will be used at the World Cup in Qatar this winter  FIFA has announced. FIFA estimates the technology will help to,https://www.thisisanfield.com/2022/07/fifa-confirm-semi-automated-offside-technology-for-2022-world-cup/,This Is Anfield 
EXPLAINED: FIFA`s new high technology for offside calls at 2022 Qatar World Cup,The stage is set for the forthcoming Qatar World Cup  which will kick off later this year in November-December. Ahead of the showpiece event  FIFA,https://www.wionews.com/sports/explained-fifas-new-high-technology-for-offside-calls-at-2022-qatar-world-cup-493572,WION 
New offside technology to make debut at 2022 Qatar World Cup,FIFA announced Friday it will implement a new offside technology at this year's World Cup to help video match officials and on-field referees make,https://africa.cgtn.com/2022/07/01/new-offside-technology-to-make-debut-at-2022-qatar-world-cup/,CGTN Africa 
FIFA approves offside technology for 2022 World Cup | Daily Sabah,FIFA said Friday that semi-automated offside technology will be used at this year's World Cup  promising decisions that are more accurate and a,https://www.dailysabah.com/sports/football/fifa-approves-offside-technology-for-2022-world-cup,Daily Sabah 
How an AI-based technology can make quick offside decisions at the FIFA World Cup,One of the biggest criticisms of the Video Assistant Referee (VAR) in football is it takes too long  thus impacting the flow of the,https://indianexpress.com/article/sports/football/how-an-ai-based-technology-can-make-quick-offside-decisions-at-the-fifa-world-cup-7969116/,The Indian Express 
Revolutionizing Football Through Tech: FIFA World Cup 2022 To Have ‘Robot Linesmen’,This is due to the fact that she will be the tournament's first female referee. Second  there will be a robot,https://scoopempire.com/revolutionizing-football-through-tech-fifa-world-cup-2022-to-have-robot-linesmen/,Scoop Empire 
FIFA mulls semi-automated offside system to 'boost' VAR at World Cup,The chairman of FIFA's referees committee said the limb-tracking technology is not a "robot offside " as it is a mere technological assistance used,https://dohanews.co/fifa-mulls-semi-automated-offside-system-to-boost-var-at-world-cup/,Doha News 
World Cup to have ‘ROBOT LINESMEN’ for first time in history as Fifa ready to say trials have worked...,FIFA remains on track to introduce “robo linesmen” at the 2022 World Cup. World boss Gianni Infantino is keen to introduce the “semi automated,https://www.thesun.co.uk/sport/18807051/world-cup-robot-linesman-fifa-qatar/,The Sun 
Robotic Refree | Semi- Automated Offside Technology | How Robotic VAR Works | FIFA World Cup 2022 |,Roboticrefree #RoboticVAR #clubworldcup #fifaclubworldcup2021 #VAR Please Subscribe our Channel For Daily Football,https://www.youtube.com/watch%3Fv%3DXzD3FLAd27Y,YouTube 
Semi-automated offside tech aids referees and fans at FIFA Club World Cup™,FIFA have held further successful tests of semi-automated offside technology (SAOT) during the FIFA Club World Cup™ 2021 alongside 3D animations,https://www.fifa.com/news/semi-automated-offside-tech-aids-referees-and-fans-at-fifa-club-world-cup-tm,FIFA 
